Judul,Saluran TV,Judul2,Judul2_no_stopwords,Judul2_ns_stem
Azab Suami Penakluk Wanita,Indosiar,azab suami penakluk wanita,azab suami penakluk wanita,azab suami takluk wanita
Liang Lahat Anak Tiri Mengecil Karena Durhaka pada Ibu Tiri,Indosiar,liang lahat anak tiri mengecil karena durhaka pada ibu tiri,liang lahat anak tiri mengecil durhaka ibu tiri,liang lahat anak tiri kecil durhaka ibu tiri
Hujan Badai Mengiringi Pemakaman Penjual Liang Lahat,Indosiar,hujan badai mengiringi pemakaman penjual liang lahat,hujan badai mengiringi pemakaman penjual liang lahat,hujan badai iring makam jual liang lahat
"Akibat Mendzolimi Anak Yatim, Tubuh Bendahara Masjid Dihisap Bumi",Indosiar,akibat mendzolimi anak yatim tubuh bendahara masjid dihisap bumi,akibat mendzolimi anak yatim tubuh bendahara masjid dihisap bumi,akibat zalim anak yatim tubuh bendahara masjid dihisap bumi
Anakku Ditolak Bumi Karena Hidup penuh Dosa,Indosiar,anakku ditolak bumi karena hidup penuh dosa,anakku ditolak bumi hidup penuh dosa,anak tolak bumi hidup penuh dosa
Pencuri Yang Kehilangan Tangan Saat Akhir Hayatnya,Indosiar,pencuri yang kehilangan tangan saat akhir hayatnya,pencuri kehilangan tangan hayatnya,curi hilang tangan hayat
Tangan dan Kaki Borokan Karena Mencuri Uang Orangtua,Indosiar,tangan dan kaki borokan karena mencuri uang orangtua,tangan kaki borokan mencuri uang orangtua,tangan kaki borok curi uang orangtua
Kisah Anak Bakhil Kepada Orangtua Yang Jenazahnya Dimakan Buaya,Indosiar,kisah anak bakhil kepada orangtua yang jenazahnya dimakan buaya,kisah anak bakhil orangtua jenazahnya dimakan buaya,kisah anak bakhil orangtua jenazah makan buaya
Jenazah Menghilang Karena Tamak Harta,Indosiar,jenazah menghilang karena tamak harta,jenazah menghilang tamak harta,jenazah hilang tamak harta
Tubuh Terbaring Kaku Seperti Mayat Hidup Karena Menzalimi Anak Sendiri,Indosiar,tubuh terbaring kaku seperti mayat hidup karena menzalimi anak sendiri,tubuh terbaring kaku mayat hidup menzalimi anak,tubuh baring kaku mayat hidup zalim anak
"Lalai Dengan Wasiat Orangtua, Jenazah Anak Hangus Terbakar",Indosiar,lalai dengan wasiat orangtua jenazah anak hangus terbakar,lalai wasiat orangtua jenazah anak hangus terbakar,lalai wasiat orangtua jenazah anak hangus bakar
Penghina Pengemis Mulutnya Terinfeksi Dan Jenazahnya Terbungkus Karung Goni,Indosiar,penghina pengemis mulutnya terinfeksi dan jenazahnya terbungkus karung goni,penghina pengemis mulutnya terinfeksi jenazahnya terbungkus karung goni,hina emis mulut infeksi jenazah bungkus karung goni
Makam Marbot Runtuh dan Jatuh Ke Jurang Karena Mengutil Sedekah,Indosiar,makam marbot runtuh dan jatuh ke jurang karena mengutil sedekah,makam marbot runtuh jatuh jurang mengutil sedekah,makam marbot runtuh jatuh jurang kutil sedekah
Mulut Bagai Terbakar Menjelang Ajal Si Penghindar Hutang,Indosiar,mulut bagai terbakar menjelang ajal si penghindar hutang,mulut terbakar menjelang ajal si penghindar hutang,mulut bakar jelang ajal si hindar hutang
Jenazah Pedagang Kikir Dan Serakah Mengambang Dan Hanyut Terbawa Banjir,Indosiar,jenazah pedagang kikir dan serakah mengambang dan hanyut terbawa banjir,jenazah pedagang kikir serakah mengambang hanyut terbawa banjir,jenazah dagang kikir serakah ambang hanyut bawa banjir
Penjual Ayam Tiren Mati Di Kandang Ayam dan Keranda Jenazahnya Terbakar Kena Sengatan Listrik,Indosiar,penjual ayam tiren mati di kandang ayam dan keranda jenazahnya terbakar kena sengatan listrik,penjual ayam tiren mati kandang ayam keranda jenazahnya terbakar kena sengatan listrik,jual ayam tiren mati kandang ayam keranda jenazah bakar kena sengat listrik
Jenazah Penjudi Terbelit Rantai Besi,Indosiar,jenazah penjudi terbelit rantai besi,jenazah penjudi terbelit rantai besi,jenazah judi belit rantai besi
"Akibat Suka Berzina, Jenazah Susah Ditimbun Tanah",Indosiar,akibat suka berzina jenazah susah ditimbun tanah,akibat suka berzina jenazah susah ditimbun tanah,akibat suka zina jenazah susah timbun tanah
"Durhaka Kepada Suami, Jenazah Istri Membusuk Berhari-Hari",Indosiar,durhaka kepada suami jenazah istri membusuk berhari hari,durhaka suami jenazah istri membusuk berhari,durhaka suami jenazah istri busuk hari
Bumi Menolak Jenazah Perebut Suami Orang,Indosiar,bumi menolak jenazah perebut suami orang,bumi menolak jenazah perebut suami orang,bumi tolak jenazah rebut suami orang
Calo Tanah yang Makamnya Terbelah Karena Gempa,Indosiar,calo tanah yang makamnya terbelah karena gempa,calo tanah makamnya terbelah gempa,calo tanah makam belah gempa
Penjual Bakso Tikus Jenazahnya Terkubur Batu,Indosiar,penjual bakso tikus jenazahnya terkubur batu,penjual bakso tikus jenazahnya terkubur batu,jual bakso tikus jenazah kubur batu
"Akibat Main Jimat, Si Musyirik Disiksa Di Akhirat",Indosiar,akibat main jimat si musyirik disiksa di akhirat,akibat main jimat si musyirik disiksa akhirat,akibat main jimat si musyirik siksa akhirat
Mobil Jenazah Ayah Habis Terbakar Karena Pelit pada Anaknya,Indosiar,mobil jenazah ayah habis terbakar karena pelit pada anaknya,mobil jenazah ayah habis terbakar pelit anaknya,mobil jenazah ayah habis bakar pelit anak
Jenazah Lelaki yang Mendzalimi Istri Dipatok Puluhan Ular,Indosiar,jenazah lelaki yang mendzalimi istri dipatok puluhan ular,jenazah lelaki mendzalimi istri dipatok puluhan ular,jenazah lelaki zalim istri patok puluh ular
Makam Tukang Bohong Hancur Ditimpa Pohon Tumbang,Indosiar,makam tukang bohong hancur ditimpa pohon tumbang,makam tukang bohong hancur ditimpa pohon tumbang,makam tukang bohong hancur timpa pohon tumbang
Kuburan Tukang Tipu Penuh Batu dan Jenazahnya Membusuk Sebelum Dikuburkan,Indosiar,kuburan tukang tipu penuh batu dan jenazahnya membusuk sebelum dikuburkan,kuburan tukang tipu penuh batu jenazahnya membusuk dikuburkan,kubur tukang tipu penuh batu jenazah busuk kubur
Jasad Wanita Penyebar Fitnah Susah Dikuburkan Karena Menempel di Keranda,Indosiar,jasad wanita penyebar fitnah susah dikuburkan karena menempel di keranda,jasad wanita penyebar fitnah susah dikuburkan menempel keranda,jasad wanita sebar fitnah susah kubur tempel keranda
Maut dan Siksa Menjemput Sang Istri Durhaka,Indosiar,maut dan siksa menjemput sang istri durhaka,maut siksa menjemput sang istri durhaka,maut siksa jemput sang istri durhaka
Tanah Kuburan Tukang Ghibah Berwarna Hitam dan Lengket,Indosiar,tanah kuburan tukang ghibah berwarna hitam dan lengket,tanah kuburan tukang ghibah berwarna hitam lengket,tanah kubur tukang ghibah warna hitam lengket
Koruptor Munafik Jenazahnya Kekurangan Kain Kafan dan Mengeluarkan Bau Busuk,Indosiar,koruptor munafik jenazahnya kekurangan kain kafan dan mengeluarkan bau busuk,koruptor munafik jenazahnya kekurangan kain kafan mengeluarkan bau busuk,koruptor munafik jenazah kurang kain kafan keluar bau busuk
"Mencari Uang Dengan Jadi Begal, Jenazah Hilang Ditelan Bumi",Indosiar,mencari uang dengan jadi begal jenazah hilang ditelan bumi,mencari uang begal jenazah hilang ditelan bumi,cari uang begal jenazah hilang tel bumi
Api Neraka Dunia Melalap Keranda Jenazah Manusia Angkuh Dan Keji,Indosiar,api neraka dunia melalap keranda jenazah manusia angkuh dan keji,api neraka dunia melalap keranda jenazah manusia angkuh keji,api neraka dunia lalap keranda jenazah manusia angkuh keji
Pemilik Yayasan Pengambil Hak Anak Yatim Piatu Makamnya Dihancurkan Akar Pohon,Indosiar,pemilik yayasan pengambil hak anak yatim piatu makamnya dihancurkan akar pohon,pemilik yayasan pengambil hak anak yatim piatu makamnya dihancurkan akar pohon,milik yayasan ambil hak anak yatim piatu makam hancur akar pohon
"Akibat Tak Mengakui Anak Kandung, Mata Bagai Ditusuk Seribu Jarum",Indosiar,akibat tak mengakui anak kandung mata bagai ditusuk seribu jarum,akibat mengakui anak kandung mata ditusuk seribu jarum,akibat aku anak kandung mata tusuk ribu jarum
Bos Sindikat Maling Mati Dengan Tubuh Menghitam,Indosiar,bos sindikat maling mati dengan tubuh menghitam,bos sindikat maling mati tubuh menghitam,bos sindikat maling mati tubuh hitam
"Mencuri Sumbangan Masjid, Tubuh Terbelenggu Semen",Indosiar,mencuri sumbangan masjid tubuh terbelenggu semen,mencuri sumbangan masjid tubuh terbelenggu semen,curi sumbang masjid tubuh belenggu semen
Jenazah Seorang Ibu Yang Tinggalkan Anaknya Demi Harta Terkubur Bersama Sampah,Indosiar,jenazah seorang ibu yang tinggalkan anaknya demi harta terkubur bersama sampah,jenazah ibu tinggalkan anaknya harta terkubur sampah,jenazah ibu tinggal anak harta kubur sampah
Hujan Batu dan Lumpur Mengiringi Jenazah Tukang Adu Domba Yang Membengkak,Indosiar,hujan batu dan lumpur mengiringi jenazah tukang adu domba yang membengkak,hujan batu lumpur mengiringi jenazah tukang adu domba membengkak,hujan batu lumpur iring jenazah tukang adu domba bengkak
Jenazah Tertimbun Pasir Karena Menelantarkan Anak Sendiri,Indosiar,jenazah tertimbun pasir karena menelantarkan anak sendiri,jenazah tertimbun pasir menelantarkan anak,jenazah timbun pasir telantar anak
"Jenazah Wanita Yang Mempermainkan Pernikahan, Hilang Entah Kemana",Indosiar,jenazah wanita yang mempermainkan pernikahan hilang entah kemana,jenazah wanita mempermainkan pernikahan hilang kemana,jenazah wanita main nikah hilang mana
Kuburan Anak Durhaka Mengeluarkan Lumpur Hitam,Indosiar,kuburan anak durhaka mengeluarkan lumpur hitam,kuburan anak durhaka mengeluarkan lumpur hitam,kubur anak durhaka keluar lumpur hitam
"Pedagang Culas yang Mencurangi Timbangan, Jenazahnya Tertimbun Sampah",Indosiar,pedagang culas yang mencurangi timbangan jenazahnya tertimbun sampah,pedagang culas mencurangi timbangan jenazahnya tertimbun sampah,dagang culas curang timbang jenazah timbun sampah
"Tak Pernah Bersyukur ,Seorang Gadis Kulitnya Keriput Dan Meninggal Dipenuhi Bisul",Indosiar,tak pernah bersyukur  seorang gadis kulitnya keriput dan meninggal dipenuhi bisul,bersyukur gadis kulitnya keriput meninggal dipenuhi bisul,syukur gadis kulit keriput tinggal penuh bisul
"Mertua Gila Dukun, Liang Lahatnya Terus Menyempit Sampai Jenazah Harus Ditekuk",Indosiar,mertua gila dukun liang lahatnya terus menyempit sampai jenazah harus ditekuk,mertua gila dukun liang lahatnya menyempit jenazah ditekuk,mertua gila dukun liang lahatnya sempit jenazah tekuk
Tangan Membusuk Menjelang Ajal Si Penadah Barang Curian,Indosiar,tangan membusuk menjelang ajal si penadah barang curian,tangan membusuk menjelang ajal si penadah barang curian,tangan busuk jelang ajal si tadah barang curi
Jenazah Tukang Ojek Serakah Pemakan Harta Saudara Membuncit dan Jatuh Dari Air Terjun,Indosiar,jenazah tukang ojek serakah pemakan harta saudara membuncit dan jatuh dari air terjun,jenazah tukang ojek serakah pemakan harta saudara membuncit jatuh air terjun,jenazah tukang ojek serakah makan harta saudara buncit jatuh air terjun
"Akibat Dzalim Kepada Ayah, Keranda Jenazah Anak Diserang Lebah",Indosiar,akibat dzalim kepada ayah keranda jenazah anak diserang lebah,akibat dzalim ayah keranda jenazah anak diserang lebah,akibat zalim ayah keranda jenazah anak serang lebah
"Jenazah Anak yang Durhaka Kepada Ibunya, Hangus Terpanggang Lahar Panas",Indosiar,jenazah anak yang durhaka kepada ibunya hangus terpanggang lahar panas,jenazah anak durhaka ibunya hangus terpanggang lahar panas,jenazah anak durhaka ibu hangus panggang lahar panas
"Semasa Hidup Pelit, Saat Dikubur Liang Lahat Menjadi Sempit",Indosiar,semasa hidup pelit saat dikubur liang lahat menjadi sempit,hidup pelit dikubur liang lahat sempit,hidup pelit kubur liang lahat sempit
"Berkurban Demi Pujian, Tanah Kuburan Bandar Sapi Tamak Dipenuhi Air Keruh",Indosiar,berkurban demi pujian tanah kuburan bandar sapi tamak dipenuhi air keruh,berkurban pujian tanah kuburan bandar sapi tamak dipenuhi air keruh,kurban puji tanah kubur bandar sapi tamak penuh air keruh
Angin Puting Beliung Mengiringi Pemakaman Jenazah Penjual Kambing yang Licik dan Keji,Indosiar,angin puting beliung mengiringi pemakaman jenazah penjual kambing yang licik dan keji,angin puting beliung mengiringi pemakaman jenazah penjual kambing licik keji,angin puting beliung iring makam jenazah jual kambing licik keji
"Mantan Suami Tak Pedulikan Anak, Makamnya Tak Ada Yang Tahu Dimana",Indosiar,mantan suami tak pedulikan anak makamnya tak ada yang tahu dimana,mantan suami pedulikan anak makamnya dimana,mantan suami peduli anak makam mana
Jenazah Wanita Musyrik Terkubur Di Tempat Pembuangan Sampah dan Terbakar,Indosiar,jenazah wanita musyrik terkubur di tempat pembuangan sampah dan terbakar,jenazah wanita musyrik terkubur pembuangan sampah terbakar,jenazah wanita musyrik kubur buang sampah bakar
Penyalur Daging Kambing Culas Terpaksa Dimakamkan Di Tanah Kandang Kambing,Indosiar,penyalur daging kambing culas terpaksa dimakamkan di tanah kandang kambing,penyalur daging kambing culas terpaksa dimakamkan tanah kandang kambing,salur daging kambing culas paksa makam tanah kandang kambing
Puluhan Kilat dan Petir Menyambar Tubuh Si Pencuri Listrik Yang Culas,Indosiar,puluhan kilat dan petir menyambar tubuh si pencuri listrik yang culas,puluhan kilat petir menyambar tubuh si pencuri listrik culas,puluh kilat petir sambar tubuh si curi listrik culas
Liang Lahat Anak Tiri Mengecil Karena Durhaka Pada Ibu Tiri,Indosiar,liang lahat anak tiri mengecil karena durhaka pada ibu tiri,liang lahat anak tiri mengecil durhaka ibu tiri,liang lahat anak tiri kecil durhaka ibu tiri
Pemalsu Kosmetik Terkubur Bersama Pohon Besar dan Keluar Asap,Indosiar,pemalsu kosmetik terkubur bersama pohon besar dan keluar asap,pemalsu kosmetik terkubur pohon asap,palsu kosmetik kubur pohon asap
Jenazah Pengganggu Rumah Tangga Ketiban Brankas dan Terkubur Sampah,Indosiar,jenazah pengganggu rumah tangga ketiban brankas dan terkubur sampah,jenazah pengganggu rumah tangga ketiban brankas terkubur sampah,jenazah ganggu rumah tangga ketiban brankas kubur sampah
Juragan Bakhil Mati Dengan Kaki Gajah dan Tanah Kuburnya Amblas,Indosiar,juragan bakhil mati dengan kaki gajah dan tanah kuburnya amblas,juragan bakhil mati kaki gajah tanah kuburnya amblas,juragan bakhil mati kaki gajah tanah kubur amblas
Bumi Menolak Jenazah Anak Durhaka Penista Ibunya,Indosiar,bumi menolak jenazah anak durhaka penista ibunya,bumi menolak jenazah anak durhaka penista ibunya,bumi tolak jenazah anak durhaka nista ibu
"Ayah Pemeras Harta Anak, Wajah Jenazah Tidak Dikenali Karena Disengat Ratusan Lebah",Indosiar,ayah pemeras harta anak wajah jenazah tidak dikenali karena disengat ratusan lebah,ayah pemeras harta anak wajah jenazah dikenali disengat ratusan lebah,ayah peras harta anak wajah jenazah nali sengat ratus lebah
"Pegawai Pabrik Culas, Kuburannya Terendam Air Hitam dan Berbau Busuk Bak Limbah",Indosiar,pegawai pabrik culas kuburannya terendam air hitam dan berbau busuk bak limbah,pegawai pabrik culas kuburannya terendam air hitam berbau busuk bak limbah,pegawai pabrik culas kubur rendam air hitam bau busuk bak limbah
"Akibat Suka Sumpah Palsu, Tubuh Terkubur Hidup-Hidup dan Tanah Makamnya Amblas Ditelan Bumi",Indosiar,akibat suka sumpah palsu tubuh terkubur hidup hidup dan tanah makamnya amblas ditelan bumi,akibat suka sumpah palsu tubuh terkubur hidup hidup tanah makamnya amblas ditelan bumi,akibat suka sumpah palsu tubuh kubur hidup hidup tanah makam amblas tel bumi
"Akibat Durhaka Pada Orang Tua Karena Ambisi, Tali Kain Kafan Yang Mengikat Jenazah Tak Bisa Dilepas",Indosiar,akibat durhaka pada orang tua karena ambisi tali kain kafan yang mengikat jenazah tak bisa dilepas,akibat durhaka orang tua ambisi tali kain kafan mengikat jenazah dilepas,akibat durhaka orang tua ambisi tali kain kafan ikat jenazah lepas
Bumi Menimbun Jasad Anak Yang Kurang Ajar Pada Orangtuanya,Indosiar,bumi menimbun jasad anak yang kurang ajar pada orangtuanya,bumi menimbun jasad anak ajar orangtuanya,bumi timbun jasad anak ajar orangtua
"Akibat Menyia Nyiakan Suami dan Anak, Istri Tersiksa Terkubur Hidup Hidup Menjelang Ajalnya",Indosiar,akibat menyia nyiakan suami dan anak istri tersiksa terkubur hidup hidup menjelang ajalnya,akibat menyia nyiakan suami anak istri tersiksa terkubur hidup hidup menjelang ajalnya,akibat sia nyiakan suami anak istri siksa kubur hidup hidup jelang ajal
Jasad Tengkulak Padi Yang Keji Berubah Kaku dan Terpaksa Dikuburkan Di Balik Batu,Indosiar,jasad tengkulak padi yang keji berubah kaku dan terpaksa dikuburkan di balik batu,jasad tengkulak padi keji berubah kaku terpaksa dikuburkan batu,jasad tengkulak padi keji ubah kaku paksa kubur batu
"Penjual Pempek Ikan Busuk Yang Serakah, Makamnya Hancur Diterjang Ombak Berkali Kali",Indosiar,penjual pempek ikan busuk yang serakah makamnya hancur diterjang ombak berkali kali,penjual pempek ikan busuk serakah makamnya hancur diterjang ombak berkali kali,jual pempek ikan busuk serakah makam hancur terjang ombak kali kali
Tukang Tambal Ban Penebar Paku Makamnya Ambrol dan Terbawa Arus Sungai Deras,Indosiar,tukang tambal ban penebar paku makamnya ambrol dan terbawa arus sungai deras,tukang tambal ban penebar paku makamnya ambrol terbawa arus sungai deras,tukang tambal ban tebar paku makam ambrol bawa arus sungai deras
"Orang Sok Dermawan Tapi Ternyata Pelit, Jenazahnya Terbang Terus Tak Bisa Dikubur",Indosiar,orang sok dermawan tapi ternyata pelit jenazahnya terbang terus tak bisa dikubur,orang sok dermawan pelit jenazahnya terbang dikubur,orang sok dermawan pelit jenazah terbang kubur
Jenazah Dimakan Harimau Karena Menjual Susu Oplosan,Indosiar,jenazah dimakan harimau karena menjual susu oplosan,jenazah dimakan harimau menjual susu oplosan,jenazah makan harimau jual susu oplos
"Anak Manja Penuntut Ibu, Jenazahnya Hangus Terbakar",Indosiar,anak manja penuntut ibu jenazahnya hangus terbakar,anak manja penuntut ibu jenazahnya hangus terbakar,anak manja tuntut ibu jenazah hangus bakar
Jenazah Pembuat Vaksin Palsu Dibungkus Terpal dan Makamnya Bolong Tersambar Petir,Indosiar,jenazah pembuat vaksin palsu dibungkus terpal dan makamnya bolong tersambar petir,jenazah pembuat vaksin palsu dibungkus terpal makamnya bolong tersambar petir,jenazah buat vaksin palsu bungkus terpal makam bolong sambar petir
"Jasad Suami Istri Pemakan Dana Sumbangan Korban Gempa, Jadi Batu dan Hilang Ditelan Bumi",Indosiar,jasad suami istri pemakan dana sumbangan korban gempa jadi batu dan hilang ditelan bumi,jasad suami istri pemakan dana sumbangan korban gempa batu hilang ditelan bumi,jasad suami istri makan dana sumbang korban gempa batu hilang tel bumi
Makam Penjual Ikan Busuk Yang Licik Berbau Tengik dan Dihancurkan Tanaman Merambat,Indosiar,makam penjual ikan busuk yang licik berbau tengik dan dihancurkan tanaman merambat,makam penjual ikan busuk licik berbau tengik dihancurkan tanaman merambat,makam jual ikan busuk licik bau tengik hancur tanam rambat
Jenazah Penimbun Beras Culas Makamnya Terangkat Akar Pohon Yang Tumbang,Indosiar,jenazah penimbun beras culas makamnya terangkat akar pohon yang tumbang,jenazah penimbun beras culas makamnya terangkat akar pohon tumbang,jenazah timbun beras culas makam angkat akar pohon tumbang
"Suami Tukang Maksiat Yang Terlantarkan Keluarga Kerandanya, Terseret Angin Kencang Dan Jatuh Ke Jurang",Indosiar,suami tukang maksiat yang terlantarkan keluarga kerandanya terseret angin kencang dan jatuh ke jurang,suami tukang maksiat terlantarkan keluarga kerandanya terseret angin kencang jatuh jurang,suami tukang maksiat lantar keluarga keranda seret angin kencang jatuh jurang
"Akibat Korupsi Uang Proyek Pesantren, Jenazah Mandor Terpendam Tanah Dan Hilang Tak Berbekas",Indosiar,akibat korupsi uang proyek pesantren jenazah mandor terpendam tanah dan hilang tak berbekas,akibat korupsi uang proyek pesantren jenazah mandor terpendam tanah hilang berbekas,akibat korupsi uang proyek pesantren jenazah mandor pendam tanah hilang bekas
Kain Kafan Menghitam dan Jenazah Tersedot Lumpur Hidup Karena Menjual Kerupuk Kulit Dari Limbah Sepatu,Indosiar,kain kafan menghitam dan jenazah tersedot lumpur hidup karena menjual kerupuk kulit dari limbah sepatu,kain kafan menghitam jenazah tersedot lumpur hidup menjual kerupuk kulit limbah sepatu,kain kafan hitam jenazah sedot lumpur hidup jual kerupuk kulit limbah sepatu
Perhiasan Menempel Erat Di Tubuh Si Penipu Emas Saat Jenazahnya Hendak Dikuburkan,Indosiar,perhiasan menempel erat di tubuh si penipu emas saat jenazahnya hendak dikuburkan,perhiasan menempel erat tubuh si penipu emas jenazahnya dikuburkan,hias tempel erat tubuh si tipu emas jenazah kubur
"Gadis Pemutus Tali Silaturahmi, Tali Kafannya Terputus dan Liang Lahatnya Dipenuhi Lumpur",Indosiar,gadis pemutus tali silaturahmi tali kafannya terputus dan liang lahatnya dipenuhi lumpur,gadis pemutus tali silaturahmi tali kafannya terputus liang lahatnya dipenuhi lumpur,gadis putus tali silaturahmi tali kafan putus liang lahatnya penuh lumpur
Penjual Daging Oplosan mati Terjebak Perangkap Celeng Yang Dibuatnya Sendiri,Indosiar,penjual daging oplosan mati terjebak perangkap celeng yang dibuatnya sendiri,penjual daging oplosan mati terjebak perangkap celeng,jual daging oplos mati jebak perangkap celeng
"Merampas Warisan Anak, Jenazah Ibu Tiri Hanyut Terbawa Banjir Bandang",Indosiar,merampas warisan anak jenazah ibu tiri hanyut terbawa banjir bandang,merampas warisan anak jenazah ibu tiri hanyut terbawa banjir bandang,rampas waris anak jenazah ibu tiri hanyut bawa banjir bandang
Banjir Bandang Menerjang Jenazah Sepasang Pemilik Biro Haji yang Tidak Amanah,Indosiar,banjir bandang menerjang jenazah sepasang pemilik biro haji yang tidak amanah,banjir bandang menerjang jenazah sepasang pemilik biro haji amanah,banjir bandang terjang jenazah pasang milik biro haji amanah
"Jenazah Orang yang Menggelapkan Uang, Kerandanya Jatuh ke Lumpur Hisap Karena Ditolak Bumi",Indosiar,jenazah orang yang menggelapkan uang kerandanya jatuh ke lumpur hisap karena ditolak bumi,jenazah orang menggelapkan uang kerandanya jatuh lumpur hisap ditolak bumi,jenazah orang gelap uang keranda jatuh lumpur hisap tolak bumi
Preman Tukang Palak Jenazahnya Membusuk Berhari - Hari Di Hutan,Indosiar,preman tukang palak jenazahnya membusuk berhari  hari di hutan,preman tukang palak jenazahnya membusuk berhari hutan,preman tukang palak jenazah busuk hari hutan
Liang Lahat Penuh Api dan Nisan Selalu Terbalik Akibat Suka Mencuri Amal Jariyah,Indosiar,liang lahat penuh api dan nisan selalu terbalik akibat suka mencuri amal jariyah,liang lahat penuh api nisan terbalik akibat suka mencuri amal jariyah,liang lahat penuh api nisan balik akibat suka curi amal jariyah
Jenazah Penebang Kayu Liar Mati Dengan Kulit Bersisik Pohon Dan Kerandanya Tetimpa Pohon Sampai Terbakar,Indosiar,jenazah penebang kayu liar mati dengan kulit bersisik pohon dan kerandanya tetimpa pohon sampai terbakar,jenazah penebang kayu liar mati kulit bersisik pohon kerandanya tetimpa pohon terbakar,jenazah tebang kayu liar mati kulit sisik pohon keranda tetimpa pohon bakar
Terjebak Di Dalam Sumur Tua Dan Kakinya Buntung Akibat Menjual Tahu Formalin,Indosiar,terjebak di dalam sumur tua dan kakinya buntung akibat menjual tahu formalin,terjebak sumur tua kakinya buntung akibat menjual formalin,jebak sumur tua kaki buntung akibat jual formalin
"Jenazah Anak Durhaka Yang Mencampakkan Orang Tuanya, Makam Sambar Petir",Indosiar,jenazah anak durhaka yang mencampakkan orang tuanya makam sambar petir,jenazah anak durhaka mencampakkan orang tuanya makam sambar petir,jenazah anak durhaka campak orang tua makam sambar petir
Makam Si Peminta Hutang Palsu Tertimbun Batu Dan Diinjak Serigala,Indosiar,makam si peminta hutang palsu tertimbun batu dan diinjak serigala,makam si peminta hutang palsu tertimbun batu diinjak serigala,makam si minta hutang palsu timbun batu injak serigala
"Tenggorokan Terasa Terbakar dan Hujan Debu, Sang Penjual Air Minum Dzalim",Indosiar,tenggorokan terasa terbakar dan hujan debu sang penjual air minum dzalim,tenggorokan terbakar hujan debu sang penjual air minum dzalim,tenggorok bakar hujan debu sang jual air minum zalim
Penipu Investasi Bodong Yang Kakinya Membengkak Tewas di Dalam Mobil Yang Jatuh ke Jurang dan Terbakar,Indosiar,penipu investasi bodong yang kakinya membengkak tewas di dalam mobil yang jatuh ke jurang dan terbakar,penipu investasi bodong kakinya membengkak tewas mobil jatuh jurang terbakar,tipu investasi bodong kaki bengkak tewas mobil jatuh jurang bakar
"Pasangan Pengoplos BBM Mati Terbakar Bensin, Jenazahnya tertimpa Tiang Listrik dan Liang Lahatnya Tersambar Petir Berkali - Kali",Indosiar,pasangan pengoplos bbm mati terbakar bensin jenazahnya tertimpa tiang listrik dan liang lahatnya tersambar petir berkali  kali,pasangan pengoplos bbm mati terbakar bensin jenazahnya tertimpa tiang listrik liang lahatnya tersambar petir berkali kali,pasang oplos bbm mati bakar bensin jenazah timpa tiang listrik liang lahatnya sambar petir kali kali
Jenazah Supir Angkot Serakah Menghitam Terkena Oli dan Liang Lahatnya Dipenuhi Cairan Hitam,Indosiar,jenazah supir angkot serakah menghitam terkena oli dan liang lahatnya dipenuhi cairan hitam,jenazah supir angkot serakah menghitam terkena oli liang lahatnya dipenuhi cairan hitam,jenazah supir angkot serakah hitam kena oli liang lahatnya penuh cair hitam
Pemalsu Air Isi Ulang Kerandanya Tertimpa Atap Yang Ambrol dan Makamnya Seperti Kubangan Lumpur Panas,Indosiar,pemalsu air isi ulang kerandanya tertimpa atap yang ambrol dan makamnya seperti kubangan lumpur panas,pemalsu air isi ulang kerandanya tertimpa atap ambrol makamnya kubangan lumpur panas,palsu air isi ulang keranda timpa atap ambrol makam kubang lumpur panas
Leher Membengkak Menjelang Ajal Dan Makam Hancur Karena Badai Karena Menjadi Penipu Arisan Bodong,Indosiar,leher membengkak menjelang ajal dan makam hancur karena badai karena menjadi penipu arisan bodong,leher membengkak menjelang ajal makam hancur badai penipu arisan bodong,leher bengkak jelang ajal makam hancur badai tipu arisan bodong
Badai Pasir dan Angin Topan Mengiringi Pemakaman Penambang Pasir Ilegal,Indosiar,badai pasir dan angin topan mengiringi pemakaman penambang pasir ilegal,badai pasir angin topan mengiringi pemakaman penambang pasir ilegal,badai pasir angin topan iring makam tambang pasir ilegal
Tengkulak Beras Tamak Kerandanya Diserang Hewan-Hewan Ternak Dan Sulit Dimakamkan,Indosiar,tengkulak beras tamak kerandanya diserang hewan hewan ternak dan sulit dimakamkan,tengkulak beras tamak kerandanya diserang hewan hewan ternak sulit dimakamkan,tengkulak beras tamak keranda serang hewan hewan ternak sulit makam
"Akibat Jumawa dan Suka Pamer, Jenazah Jadi Membesar dan Tercebur dalam Sumur",Indosiar,akibat jumawa dan suka pamer jenazah jadi membesar dan tercebur dalam sumur,akibat jumawa suka pamer jenazah membesar tercebur sumur,akibat jumawa suka pamer jenazah besar cebur sumur
Penjual Obat-Obat Oplosan Mati Mengenaskan Keracunan Zat Kimia dan Jasadnya Tersangkut,Indosiar,penjual obat obat oplosan mati mengenaskan keracunan zat kimia dan jasadnya tersangkut,penjual obat obat oplosan mati mengenaskan keracunan zat kimia jasadnya tersangkut,jual obat obat oplos mati enas racun zat kimia jasad sangkut
Jenazah Pengemis Gadungan Liang Lahatnya Dipenuhi Beling dan Tertutup Oleh Sampah,Indosiar,jenazah pengemis gadungan liang lahatnya dipenuhi beling dan tertutup oleh sampah,jenazah pengemis gadungan liang lahatnya dipenuhi beling tertutup sampah,jenazah emis gadungan liang lahatnya penuh beling tutup sampah
"Kain Kafan Jenazah Si Penjual Air Zam-Zam Palsu Terbakar, Kerandanya Terlindas Mobil",Indosiar,kain kafan jenazah si penjual air zam zam palsu terbakar kerandanya terlindas mobil,kain kafan jenazah si penjual air zam zam palsu terbakar kerandanya terlindas mobil,kain kafan jenazah si jual air zam zam palsu bakar keranda lindas mobil
Wanita Riya Tidak Amanah Terkena Ledakan Gas dan Liang Lahatnya Dipenuhi Cairan Hitam,Indosiar,wanita riya tidak amanah terkena ledakan gas dan liang lahatnya dipenuhi cairan hitam,wanita riya amanah terkena ledakan gas liang lahatnya dipenuhi cairan hitam,wanita riya amanah kena ledak gas liang lahatnya penuh cair hitam
"Penjual Cendol Berbahan Pewarna Tekstil dan Pemanis Buatan, Liang Lahatnya Mengeluarkan Cairan Berwarna Hijau",Indosiar,penjual cendol berbahan pewarna tekstil dan pemanis buatan liang lahatnya mengeluarkan cairan berwarna hijau,penjual cendol berbahan pewarna tekstil pemanis buatan liang lahatnya mengeluarkan cairan berwarna hijau,jual cendol bahan warna tekstil man buat liang lahatnya keluar cair warna hijau
Jenazah Penjual Gas Keliling Culas Berbau Aneh dan Membesar Hingga Sulit Dikuburkan,Indosiar,jenazah penjual gas keliling culas berbau aneh dan membesar hingga sulit dikuburkan,jenazah penjual gas keliling culas berbau aneh membesar sulit dikuburkan,jenazah jual gas keliling culas bau aneh besar sulit kubur
"Ayah Yang Menikahkan Anaknya Demi Mahar, Kuburannya Mengecil dan Dibanjiri Lahar Panas",Indosiar,ayah yang menikahkan anaknya demi mahar kuburannya mengecil dan dibanjiri lahar panas,ayah menikahkan anaknya mahar kuburannya mengecil dibanjiri lahar panas,ayah nikah anak mahar kubur kecil banjir lahar panas
"Akibat Curang Dalam Berdagang, Jenazah Berlumur Minyak dan Liang Lahatnya Mengeluarkan Api",Indosiar,akibat curang dalam berdagang jenazah berlumur minyak dan liang lahatnya mengeluarkan api,akibat curang berdagang jenazah berlumur minyak liang lahatnya mengeluarkan api,akibat curang dagang jenazah lumur minyak liang lahatnya keluar api
"Perebut Suami Orang Mati Dengan Perut Membengkak Disengat Ribuan Tawon, Keranda Jenazahnya Terkena Badai dan Terjebur ke Adukan Semen",Indosiar,perebut suami orang mati dengan perut membengkak disengat ribuan tawon keranda jenazahnya terkena badai dan terjebur ke adukan semen,perebut suami orang mati perut membengkak disengat ribuan tawon keranda jenazahnya terkena badai terjebur adukan semen,rebut suami orang mati perut bengkak sengat ribu tawon keranda jenazah kena badai jebur adu semen
"Hancurkan Masjid, Anak Durhaka Mati Tertimbun dan Jenazahnya Tak Bisa Menghadap Kiblat",Indosiar,hancurkan masjid anak durhaka mati tertimbun dan jenazahnya tak bisa menghadap kiblat,hancurkan masjid anak durhaka mati tertimbun jenazahnya menghadap kiblat,hancur masjid anak durhaka mati timbun jenazah hadap kiblat
"Manusia Pezina Mati Terlilit Akar Pohon, Jatuh Kelumpur dan Tertimbun Sampah",Indosiar,manusia pezina mati terlilit akar pohon jatuh kelumpur dan tertimbun sampah,manusia pezina mati terlilit akar pohon jatuh kelumpur tertimbun sampah,manusia zina mati lilit akar pohon jatuh lumpur timbun sampah
Jenazah Si Penjual Emas Palsu Tersambar Petir dan Hilang Disungai,Indosiar,jenazah si penjual emas palsu tersambar petir dan hilang disungai,jenazah si penjual emas palsu tersambar petir hilang disungai,jenazah si jual emas palsu sambar petir hilang sungai
"Zalim Pada Karyawan, Bos Pabrik Jenazahnya Hilang Tertimbun Sampah",Indosiar,zalim pada karyawan bos pabrik jenazahnya hilang tertimbun sampah,zalim karyawan bos pabrik jenazahnya hilang tertimbun sampah,zalim karyawan bos pabrik jenazah hilang timbun sampah
Pengganda Uang Mati Dalam Rawa Yang Dipenuhi Limbah Tinta,Indosiar,pengganda uang mati dalam rawa yang dipenuhi limbah tinta,pengganda uang mati rawa dipenuhi limbah tinta,ganda uang mati rawa penuh limbah tinta
"Suka Mencuri Uang Istri, Jenazah Suami Liang Lahatnya Dipenuhi Timah",Indosiar,suka mencuri uang istri jenazah suami liang lahatnya dipenuhi timah,suka mencuri uang istri jenazah suami liang lahatnya dipenuhi timah,suka curi uang istri jenazah suami liang lahatnya penuh timah
"Pengelola Panti Asuhan Fiktif, Saat Dikubur Jenazahnya hadapi Banyak Rintangan",Indosiar,pengelola panti asuhan fiktif saat dikubur jenazahnya hadapi banyak rintangan,pengelola panti asuhan fiktif dikubur jenazahnya hadapi rintangan,kelola panti asuh fiktif kubur jenazah hadap rintang
Akibat Tamak Suamiku Tenggelam dalam Gentong Minyak dan Makamnya Jatuh Ke Jurang,Indosiar,akibat tamak suamiku tenggelam dalam gentong minyak dan makamnya jatuh ke jurang,akibat tamak suamiku tenggelam gentong minyak makamnya jatuh jurang,akibat tamak suami tenggelam gentong minyak makam jatuh jurang
Sang Lintah Darat Kejam Mati Tersambar Petir dan Jenazahnya Dipenuhi Luka Bekas Siksaan,Indosiar,sang lintah darat kejam mati tersambar petir dan jenazahnya dipenuhi luka bekas siksaan,sang lintah darat kejam mati tersambar petir jenazahnya dipenuhi luka bekas siksaan,sang lintah darat kejam mati sambar petir jenazah penuh luka bekas siksa
"Suami Curang dan Zalim, Mati Berlumur Telur Busuk dan Makamnya Dikerubungi Lalat",Indosiar,suami curang dan zalim mati berlumur telur busuk dan makamnya dikerubungi lalat,suami curang zalim mati berlumur telur busuk makamnya dikerubungi lalat,suami curang zalim mati lumur telur busuk makam rubung lalat
Penjual Tanah Wakaf Masjid Jadi Gila Menjelang Ajalnya dan Jenazahnya Ditolak Bumi,Indosiar,penjual tanah wakaf masjid jadi gila menjelang ajalnya dan jenazahnya ditolak bumi,penjual tanah wakaf masjid gila menjelang ajalnya jenazahnya ditolak bumi,jual tanah wakaf masjid gila jelang ajal jenazah tolak bumi
"Perempuan yang Suka Berbohong Demi Mendapatkan Harta, Iringan Jenazahnya Diikuti Ratusan Ular",Indosiar,perempuan yang suka berbohong demi mendapatkan harta iringan jenazahnya diikuti ratusan ular,perempuan suka berbohong harta iringan jenazahnya diikuti ratusan ular,perempuan suka bohong harta iring jenazah ikut ratus ular
"Provokator Penjarahan Saat Bencana Gempa, Jenazahnya Remuk dan Hancur Ditelan Bumi",Indosiar,provokator penjarahan saat bencana gempa jenazahnya remuk dan hancur ditelan bumi,provokator penjarahan bencana gempa jenazahnya remuk hancur ditelan bumi,provokator jarah bencana gempa jenazah remuk hancur tel bumi
"Menafkahi Anak Dari Hasil Menipu, Mati Tertimbun Sampah dan Pemakamannya Diterjang Badai",Indosiar,menafkahi anak dari hasil menipu mati tertimbun sampah dan pemakamannya diterjang badai,menafkahi anak hasil menipu mati tertimbun sampah pemakamannya diterjang badai,nafkah anak hasil tipu mati timbun sampah makam terjang badai
Anak Durhaka Mati Karena Kudis Menahun dan Jenazahnya Keluar Asap Hitam Sebelum Menjadi Batu,Indosiar,anak durhaka mati karena kudis menahun dan jenazahnya keluar asap hitam sebelum menjadi batu,anak durhaka mati kudis menahun jenazahnya asap hitam batu,anak durhaka mati kudis tahun jenazah asap hitam batu
Penipu Licik Yang Serakah Kerandanya Ditelan Bumi,Indosiar,penipu licik yang serakah kerandanya ditelan bumi,penipu licik serakah kerandanya ditelan bumi,tipu licik serakah keranda tel bumi
Akibat Kikir Pada Anak dan Istrinya Jenazahnya Masuk ke Dalam Lubang Sampah dan Terbakar Di Dalamnya,Indosiar,akibat kikir pada anak dan istrinya jenazahnya masuk ke dalam lubang sampah dan terbakar di dalamnya,akibat kikir anak istrinya jenazahnya masuk lubang sampah terbakar dalamnya,akibat kikir anak istri jenazah masuk lubang sampah bakar dalam
"Durhaka Pada Suami, Istri Keracunan Jamunya Sendiri dan Liang Lahatnya Tertimpa Batu",Indosiar,durhaka pada suami istri keracunan jamunya sendiri dan liang lahatnya tertimpa batu,durhaka suami istri keracunan jamunya liang lahatnya tertimpa batu,durhaka suami istri racun jamu liang lahatnya timpa batu
Menantu Durhaka Jenazahnya Meneteskan Air Mata dan Terjepit Liang Lahat Yang Menutup Saat Gempa,Indosiar,menantu durhaka jenazahnya meneteskan air mata dan terjepit liang lahat yang menutup saat gempa,menantu durhaka jenazahnya meneteskan air mata terjepit liang lahat menutup gempa,menantu durhaka jenazah tetes air mata jepit liang lahat tutup gempa
"Jenazah Suami Berbau Busuk Karena Dosanya, Jenazah Istri Berbau Harum Karena Amalnya",Indosiar,jenazah suami berbau busuk karena dosanya jenazah istri berbau harum karena amalnya,jenazah suami berbau busuk dosanya jenazah istri berbau harum amalnya,jenazah suami bau busuk dosa jenazah istri bau harum amal
"Perampas Tanah Wakaf Mati Tersengat Listrik, Jenazahnya Hanyut",Indosiar,perampas tanah wakaf mati tersengat listrik jenazahnya hanyut,perampas tanah wakaf mati tersengat listrik jenazahnya hanyut,ampas tanah wakaf mati sengat listrik jenazah hanyut
Jenazah Pedagang Licik Terlempar ke Sungai Berbuaya,MNCTV,jenazah pedagang licik terlempar ke sungai berbuaya,jenazah pedagang licik terlempar sungai berbuaya,jenazah dagang licik lempar sungai buaya
Jenazah Lintah Darat Tertimpa Godam Besar,MNCTV,jenazah lintah darat tertimpa godam besar,jenazah lintah darat tertimpa godam,jenazah lintah darat timpa godam
Juragan Tanah Tamak Jenazahnya Terjepit Karena Ditolak Bumi,MNCTV,juragan tanah tamak jenazahnya terjepit karena ditolak bumi,juragan tanah tamak jenazahnya terjepit ditolak bumi,juragan tanah tamak jenazah jepit tolak bumi
"Jenazah Rentenir Dzolim Tertimpa Ranting Tajam, Kuburannya Menyempit",MNCTV,jenazah rentenir dzolim tertimpa ranting tajam kuburannya menyempit,jenazah rentenir dzolim tertimpa ranting tajam kuburannya menyempit,jenazah rentenir zalim timpa ranting tajam kubur sempit
"Si Panjang Tangan Dzolim, Saat Meninggal Gelang Curiannya Susah Dilepas",MNCTV,si panjang tangan dzolim saat meninggal gelang curiannya susah dilepas,si tangan dzolim meninggal gelang curiannya susah dilepas,si tangan zalim tinggal gelang curi susah lepas
Suami Istri Pedagang Culas Mati Terperangkap Api di Gudang Beras,MNCTV,suami istri pedagang culas mati terperangkap api di gudang beras,suami istri pedagang culas mati terperangkap api gudang beras,suami istri dagang culas mati perangkap api gudang beras
"Mandor Culas Mati Tertusuk Paku, Jenazah Tertimbun Sampah",MNCTV,mandor culas mati tertusuk paku jenazah tertimbun sampah,mandor culas mati tertusuk paku jenazah tertimbun sampah,mandor culas mati tusuk paku jenazah timbun sampah
"Pedagang Curang, Saat Sekarat Mendengkur Menyerupai Hewan",MNCTV,pedagang curang saat sekarat mendengkur menyerupai hewan,pedagang curang sekarat mendengkur menyerupai hewan,dagang curang sekarat dengkur rupa hewan
Kaya Karena Pesugihan Tersiksa Saat Sakaratul Maut,MNCTV,kaya karena pesugihan tersiksa saat sakaratul maut,kaya pesugihan tersiksa sakaratul maut,kaya sugih siksa sakaratul maut
"Hidup Tidak Berkah, Mati dengan Tangan dan Kaki Tidak Bisa Diluruskan",MNCTV,hidup tidak berkah mati dengan tangan dan kaki tidak bisa diluruskan,hidup berkah mati tangan kaki diluruskan,hidup berkah mati tangan kaki lurus
"Jenazah Pemakai Susuk, Wajah Berubah Buruk Tersambar Petir",MNCTV,jenazah pemakai susuk wajah berubah buruk tersambar petir,jenazah pemakai susuk wajah berubah buruk tersambar petir,jenazah pakai susuk wajah ubah buruk sambar petir
"Azab Anak Durhaka, Kuburannya Tidak Bisa Digali",MNCTV,azab anak durhaka kuburannya tidak bisa digali,azab anak durhaka kuburannya digali,azab anak durhaka kubur gali
"Juragan tanah Tamak, Jenazahnya Terjepit Karena Ditolak Bumi",MNCTV,juragan tanah tamak jenazahnya terjepit karena ditolak bumi,juragan tanah tamak jenazahnya terjepit ditolak bumi,juragan tanah tamak jenazah jepit tolak bumi
Jenazah Bos Bengkel Culas Kuburannya Dipenuhi Oli Bekas,MNCTV,jenazah bos bengkel culas kuburannya dipenuhi oli bekas,jenazah bos bengkel culas kuburannya dipenuhi oli bekas,jenazah bos bengkel culas kubur penuh oli bekas
Murka Ibu Membuat Keranda Anak Durhaka Tertancap Bambu,MNCTV,murka ibu membuat keranda anak durhaka tertancap bambu,murka ibu keranda anak durhaka tertancap bambu,murka ibu keranda anak durhaka tancap bambu
Menantu Durhaka Mati Dengan Perut Membuncit,MNCTV,menantu durhaka mati dengan perut membuncit,menantu durhaka mati perut membuncit,menantu durhaka mati perut buncit
Jenazah Menyerupai Kera Karena Suka Memaki dan Memakan Harta Anak Yatim,MNCTV,jenazah menyerupai kera karena suka memaki dan memakan harta anak yatim,jenazah menyerupai kera suka memaki memakan harta anak yatim,jenazah rupa kera suka maki makan harta anak yatim
"Akibat Mendzolimi Suami, Jenazah Istri Tertahan Di Kurung Batang",MNCTV,akibat mendzolimi suami jenazah istri tertahan di kurung batang,akibat mendzolimi suami jenazah istri tertahan kurung batang,akibat zalim suami jenazah istri tahan kurung batang
"Akibat Merebut Suami Sahabat, Liang Lahatnya Penuh Kalajengking Berbisa",MNCTV,akibat merebut suami sahabat liang lahatnya penuh kalajengking berbisa,akibat merebut suami sahabat liang lahatnya penuh kalajengking berbisa,akibat rebut suami sahabat liang lahatnya penuh kalajengking bisa
"Pelihara Tuyul Demi Kekayaan, Mati Dengan Tubuh Mengecil",MNCTV,pelihara tuyul demi kekayaan mati dengan tubuh mengecil,pelihara tuyul kekayaan mati tubuh mengecil,pelihara tuyul kaya mati tubuh kecil
"Mertua Dzolimi Menantu, Jenazah Membungkuk Di Dalam Kubur",MNCTV,mertua dzolimi menantu jenazah membungkuk di dalam kubur,mertua dzolimi menantu jenazah membungkuk kubur,mertua zalim menantu jenazah bungkuk kubur
Wanita Pelakor Pakai Silikon Palsu Mati Tragis dengan Kulit Melepuh,MNCTV,wanita pelakor pakai silikon palsu mati tragis dengan kulit melepuh,wanita pelakor pakai silikon palsu mati tragis kulit melepuh,wanita pelakor pakai silikon palsu mati tragis kulit lepuh
"Adzab Pria Menjual Tanah Yayasan, Liang Kuburnya Meledak",MNCTV,adzab pria menjual tanah yayasan liang kuburnya meledak,adzab pria menjual tanah yayasan liang kuburnya meledak,adzab pria jual tanah yayasan liang kubur ledak
"Curang Dalam Berdagang, Jenazahnya Berat Sebelah",MNCTV,curang dalam berdagang jenazahnya berat sebelah,curang berdagang jenazahnya berat sebelah,curang dagang jenazah berat belah
Kontraktor Dzolim Jenazahnya Hilang Diterjang Banjir Bandang,MNCTV,kontraktor dzolim jenazahnya hilang diterjang banjir bandang,kontraktor dzolim jenazahnya hilang diterjang banjir bandang,kontraktor zalim jenazah hilang terjang banjir bandang
"Akibat Merebut Suami Kakak, Menjelang Ajal Tubuh Gatal-gatal Perut Membuncit",MNCTV,akibat merebut suami kakak menjelang ajal tubuh gatal gatal perut membuncit,akibat merebut suami kakak menjelang ajal tubuh gatal gatal perut membuncit,akibat rebut suami kakak jelang ajal tubuh gatal gatal perut buncit
"Pembantu Nyinyir Genit Tukang Gosip, Mati Dengan Mulut Robek",MNCTV,pembantu nyinyir genit tukang gosip mati dengan mulut robek,pembantu nyinyir genit tukang gosip mati mulut robek,bantu nyinyir genit tukang gosip mati mulut robek
Kepala Panti Asuhan Serakah Terjepit Liang Lahat Tersapu Banjir,MNCTV,kepala panti asuhan serakah terjepit liang lahat tersapu banjir,kepala panti asuhan serakah terjepit liang lahat tersapu banjir,kepala panti asuh serakah jepit liang lahat sapu banjir
Juragan Ayam Potong Dzolim Mati Tertimpa Kandang Dan Dipenuhi Bulu,MNCTV,juragan ayam potong dzolim mati tertimpa kandang dan dipenuhi bulu,juragan ayam potong dzolim mati tertimpa kandang dipenuhi bulu,juragan ayam potong zalim mati timpa kandang penuh bulu
"Pilih Jalan Sesat Untuk Jadi Kaya, Keranda Jenazah Diserang Kera",MNCTV,pilih jalan sesat untuk jadi kaya keranda jenazah diserang kera,pilih jalan sesat kaya keranda jenazah diserang kera,pilih jalan sesat kaya keranda jenazah serang kera
"Anak Durhaka Suka Membentak Ibu, Kuburannya Dipenuhi Duri",MNCTV,anak durhaka suka membentak ibu kuburannya dipenuhi duri,anak durhaka suka membentak ibu kuburannya dipenuhi duri,anak durhaka suka bentak ibu kubur penuh duri
"Susah Melahirkan Karena Durhaka, Saat Penguburan Terdngar Suara Misterius",MNCTV,susah melahirkan karena durhaka saat penguburan terdngar suara misterius,susah melahirkan durhaka penguburan terdngar suara misterius,susah lahir durhaka kubur terdngar suara misterius
Bos Penadah Barang Curian Mati Tragis dan Jenazah Disambar Petir,MNCTV,bos penadah barang curian mati tragis dan jenazah disambar petir,bos penadah barang curian mati tragis jenazah disambar petir,bos tadah barang curi mati tragis jenazah sambar petir
Akibat Serakah Terobsesi Jadi Majikan Jenazah Gagal Dikubur Berkali-Kali -,MNCTV,akibat serakah terobsesi jadi majikan jenazah gagal dikubur berkali kali  ,akibat serakah terobsesi majikan jenazah gagal dikubur berkali kali,akibat serakah obsesi majikan jenazah gagal kubur kali kali
"Menggandakan Uang, Mati Kepanasan Di Penjara Dan Liang Lahat Dipenuhi Api",MNCTV,menggandakan uang mati kepanasan di penjara dan liang lahat dipenuhi api,menggandakan uang mati kepanasan penjara liang lahat dipenuhi api,ganda uang mati panas penjara liang lahat penuh api
Akibat Menghindari Hutang Jenazah Licin Bagai Belut,MNCTV,akibat menghindari hutang jenazah licin bagai belut,akibat menghindari hutang jenazah licin belut,akibat hindar hutang jenazah licin belut
"Menggelapkan Dana Umroh, Saat Mati Terdengar Ratapan Dari Dalam Kubur",MNCTV,menggelapkan dana umroh saat mati terdengar ratapan dari dalam kubur,menggelapkan dana umroh mati terdengar ratapan kubur,gelap dana umroh mati dengar ratap kubur
Mandor Kejam Jenazah Terkubur Cor Coran Dan Tertimpa Meteor -,MNCTV,mandor kejam jenazah terkubur cor coran dan tertimpa meteor  ,mandor kejam jenazah terkubur cor coran tertimpa meteor,mandor kejam jenazah kubur cor cor timpa meteor
"Istri Nyinyir Sering Bicara Kasar ke Suami, Mati Dengan Mulut Terbakar",MNCTV,istri nyinyir sering bicara kasar ke suami mati dengan mulut terbakar,istri nyinyir bicara kasar suami mati mulut terbakar,istri nyinyir bicara kasar suami mati mulut bakar
Pemalak Liar Dan Penyegel Masjid Liang Lahatnya Dipenuhi Bara Api,MNCTV,pemalak liar dan penyegel masjid liang lahatnya dipenuhi bara api,pemalak liar penyegel masjid liang lahatnya dipenuhi bara api,malak liar segel masjid liang lahatnya penuh bara api
Istri Pencemburu Menyiksa Anak Tiri Jenazahnya Tidak Bisa Keluar Dari Kendara dan Kuburannya Terlilit Air,MNCTV,istri pencemburu menyiksa anak tiri jenazahnya tidak bisa keluar dari kendara dan kuburannya terlilit air,istri pencemburu menyiksa anak tiri jenazahnya kendara kuburannya terlilit air,istri cemburu siksa anak tiri jenazah kendara kubur lilit air
"Akibat Mempermainkan Pernikahan, Kuburannya Dikerubungi Hewan",MNCTV,akibat mempermainkan pernikahan kuburannya dikerubungi hewan,akibat mempermainkan pernikahan kuburannya dikerubungi hewan,akibat main nikah kubur rubung hewan
Jenazah Perampok Sadis Masuk Ke Sungai,MNCTV,jenazah perampok sadis masuk ke sungai,jenazah perampok sadis masuk sungai,jenazah rampok sadis masuk sungai
Jenazah Terpental Semburan Gas di Liang Lahat,MNCTV,jenazah terpental semburan gas di liang lahat,jenazah terpental semburan gas liang lahat,jenazah pental sembur gas liang lahat
Wanita Perampas Harta Anak tiri Saat Mati Kuburannya Dipenuhi Bara Api,MNCTV,wanita perampas harta anak tiri saat mati kuburannya dipenuhi bara api,wanita perampas harta anak tiri mati kuburannya dipenuhi bara api,wanita ampas harta anak tiri mati kubur penuh bara api
Adzab Tukang Ghibah Mulut Busuk Si Jasad Pemandi Jenazah,MNCTV,adzab tukang ghibah mulut busuk si jasad pemandi jenazah,adzab tukang ghibah mulut busuk si jasad pemandi jenazah,adzab tukang ghibah mulut busuk si jasad mandi jenazah
Penjual Catering Culas! Mati Menguning Kuburan Dipenuhi Sampah,MNCTV,penjual catering culas mati menguning kuburan dipenuhi sampah,penjual catering culas mati menguning kuburan dipenuhi sampah,jual catering culas mati kuning kubur penuh sampah
Juragan Tahu Bulat Mati Tergoreng Dadakan Dikubur Anget Anget,MNCTV,juragan tahu bulat mati tergoreng dadakan dikubur anget anget,juragan bulat mati tergoreng dadakan dikubur anget anget,juragan bulat mati goreng dada kubur anget anget
Jenazah Memanjang Azab Kepada Orang Yang Suka Mencuri Kotak Mesjid,MNCTV,jenazah memanjang azab kepada orang yang suka mencuri kotak mesjid,jenazah memanjang azab orang suka mencuri kotak mesjid,jenazah panjang azab orang suka curi kotak mesjid
Kecanduan Judi Mancing Kuburannya Banjir Tak Mau Kering,MNCTV,kecanduan judi mancing kuburannya banjir tak mau kering,kecanduan judi mancing kuburannya banjir kering,candu judi mancing kubur banjir kering
"Menjadikan Anak Anak Sebagai Lahan Bisnis, kuburannya Dipenuhi Kalajengking",MNCTV,menjadikan anak anak sebagai lahan bisnis kuburannya dipenuhi kalajengking,menjadikan anak anak lahan bisnis kuburannya dipenuhi kalajengking,jadi anak anak lahan bisnis kubur penuh kalajengking
"Bersaudara Mati Dempet, Dikuburkan Dekat Galian Sampah",MNCTV,bersaudara mati dempet dikuburkan dekat galian sampah,bersaudara mati dempet dikuburkan galian sampah,saudara mati dempet kubur gali sampah
Mendzolimi Anak Kecil Tubuh Terbenam Di Tanah Makam,MNCTV,mendzolimi anak kecil tubuh terbenam di tanah makam,mendzolimi anak tubuh terbenam tanah makam,zalim anak tubuh benam tanah makam
Wanita Pengasuh Anakku Jenazahnya Hilang Ditemukan Membusuk,MNCTV,wanita pengasuh anakku jenazahnya hilang ditemukan membusuk,wanita pengasuh anakku jenazahnya hilang ditemukan membusuk,wanita asuh anak jenazah hilang temu busuk
"Istri Pedagang Buah Culas Mati Dililit Rantai, Kuburan Penuh Buah Busuk & Ber- Lava",MNCTV,istri pedagang buah culas mati dililit rantai kuburan penuh buah busuk & ber lava,istri pedagang buah culas mati dililit rantai kuburan penuh buah busuk ber lava,istri dagang buah culas mati lilit rantai kubur penuh buah busuk ber lava
"Artis Durhaka Kepada orang Tua, Mati Gosong Di Kolam Renang",MNCTV,artis durhaka kepada orang tua mati gosong di kolam renang,artis durhaka orang tua mati gosong kolam renang,artis durhaka orang tua mati gosong kolam renang
Juragan Kos Pemasung Ibu Kandung Mati Tertimpa Toren dan Jenazah Diseren Anjing,MNCTV,juragan kos pemasung ibu kandung mati tertimpa toren dan jenazah diseren anjing,juragan kos pemasung ibu kandung mati tertimpa toren jenazah diseren anjing,juragan kos pasung ibu kandung mati timpa toren jenazah diseren anjing
Haji Palsu Mendadak Gagu Jenazahnya Dikubur Berdiri,MNCTV,haji palsu mendadak gagu jenazahnya dikubur berdiri,haji palsu mendadak gagu jenazahnya dikubur berdiri,haji palsu dadak gagu jenazah kubur diri
Makan Uang Sumbangan Masjid! Bendahara Dzolim Tersambar Petir,MNCTV,makan uang sumbangan masjid bendahara dzolim tersambar petir,makan uang sumbangan masjid bendahara dzolim tersambar petir,makan uang sumbang masjid bendahara zalim sambar petir
Paman Perebut Harta Anak Yatim! Kuburannya Menyemburkan Batu,MNCTV,paman perebut harta anak yatim kuburannya menyemburkan batu,paman perebut harta anak yatim kuburannya menyemburkan batu,paman rebut harta anak yatim kubur sembur batu
Tak Akui Ibu Kandung Jenazah Mengeras Bagai Batu,MNCTV,tak akui ibu kandung jenazah mengeras bagai batu,akui ibu kandung jenazah mengeras batu,aku ibu kandung jenazah keras batu
Bos Organ Tunggal Genit Mati Tertimpa Panggung,MNCTV,bos organ tunggal genit mati tertimpa panggung,bos organ tunggal genit mati tertimpa panggung,bos organ tunggal genit mati timpa panggung
Azab Pamakai Jimat Batu Kecubung Jenazah Hancur di Liang Lahat,MNCTV,azab pamakai jimat batu kecubung jenazah hancur di liang lahat,azab pamakai jimat batu kecubung jenazah hancur liang lahat,azab pamakai jimat batu kecubung jenazah hancur liang lahat
